date,spend,trials,fb,clicks,impressions
09.09.2026,3.04,1,14,104,16721
10.09.2026,4.89,1,24,204,21877
11.09.2026,8.63,5,35,466,17318
12.09.2026,4.59,6,25,244,10545
13.09.2026,4.53,3,11,168,8807
14.09.2026,3.22,6,12,128,9464
15.09.2026,3.93,7,16,100,9615
16.09.2026,5.60,3,20,108,10580
17.09.2026,6.54,8,23,110,11605
18.09.2026,8.83,10,33,156,13708
19.09.2026,8.22,11,23,114,9752
20.09.2026,10.81,8,25,180,16474
21.09.2026,7.71,6,24,165,18608
22.09.2026,6.56,7,21,131,14854
23.09.2026,8.39,7,28,147,12834
24.09.2026,9.47,8,32,147,14967
25.09.2026,7.39,7,0,130,12102
26.09.2026,10.45,13,0,140,10640
27.09.2026,10.27,13,0,130,12668
28.09.2026,10.70,10,0,144,15509
