"Reporting starts","Reporting ends","Ad set name","Ad set delivery",Results,"Result indicator","Cost per results","Ad set budget","Ad set budget type","Amount spent (USD)",Impressions,Reach,Ends,Starts,"Attribution setting",Bid,"Bid type","Last significant edit","CPC (all) (USD)","CTR (all)","Clicks (all)","Website registrations completed","Registrations completed","Results (initial)","Results (initial) indicator"
2026-10-01,2026-10-01,"game - lead",active,,,,50,Daily,42.32,6843,4916,Ongoing,2026-09-30,"7-day click, 1-day view, or 1-day engaged-view",0,ABSOLUTE_OCPM,2026-09-30T10:20:08+0300,0.048036,12.87447,881,,,,
2026-10-01,2026-10-01,"no game - lead",active,4,actions:offsite_conversion.fb_pixel_complete_registration,15.2725,50,Daily,61.09,6819,4772,Ongoing,2026-09-30,"7-day click, 1-day view, or 1-day engaged-view",0,ABSOLUTE_OCPM,2026-09-30T10:20:08+0300,0.124167,7.215134,492,4,4,,
2026-10-01,2026-10-01,"no game - lead",not_delivering,,,,50,Daily,0,0,0,Ongoing,2026-09-28,"7-day click, 1-day view, or 1-day engaged-view",0,ABSOLUTE_OCPM,2026-09-28T20:18:21+0300,0,0,0,,,,
2026-10-01,2026-10-01,"game - lead",not_delivering,,,,50,Daily,0,0,0,Ongoing,2026-09-28,"7-day click, 1-day view, or 1-day engaged-view",0,ABSOLUTE_OCPM,2026-09-28T20:18:05+0300,0,0,0,,,,
2026-10-01,2026-10-01,join,active,2,conversions:offsite_conversion.fb_pixel_custom.DiscordJoin,21.755,50,Daily,43.51,764,667,Ongoing,2026-09-17,"7-day click",0,ABSOLUTE_OCPM,2026-09-17T11:16:24+0300,1.318485,4.319372,33,,,,
2026-10-01,2026-10-01,"new pack - 9",inactive,,,,50,Daily,0,0,0,Ongoing,2026-08-07,"1-day click, 1-day view, or 1-day engaged-view",0,ABSOLUTE_OCPM,2026-08-07T14:38:27+0300,0,0,0,,,,
2026-10-01,2026-10-01,"new pack - 10",inactive,,,,50,Daily,0,0,0,Ongoing,2026-08-07,"1-day click, 1-day view, or 1-day engaged-view",0,ABSOLUTE_OCPM,2026-08-07T14:38:32+0300,0,0,0,,,,
2026-10-01,2026-10-01,"new pack - 8",not_delivering,,,,100,Daily,0,0,0,Ongoing,2026-08-07,"1-day click, 1-day view, or 1-day engaged-view",0,ABSOLUTE_OCPM,2026-08-07T14:38:18+0300,0,0,0,,,,
2026-10-01,2026-10-01,"new pack - 7",inactive,,,,50,Daily,0,0,0,Ongoing,2026-08-07,"1-day click, 1-day view, or 1-day engaged-view",0,ABSOLUTE_OCPM,2026-08-07T14:38:25+0300,0,0,0,,,,
2026-10-01,2026-10-01,"new pack - 6",inactive,,,,50,Daily,0,0,0,Ongoing,2026-08-07,"1-day click, 1-day view, or 1-day engaged-view",0,ABSOLUTE_OCPM,2026-08-07T14:38:19+0300,0,0,0,,,,
