date,spend,regs,qregs,clicks,impressions
17.09.2026,29.10,0,1,34,674
18.09.2026,62.47,0,1,42,1091
19.09.2026,31.75,0,0,27,579
20.09.2026,37.33,0,1,38,715
21.09.2026,39.26,0,5,32,634
22.09.2026,63.69,0,2,36,928
23.09.2026,57.19,0,3,44,1043
24.09.2026,54.23,0,0,42,908
25.09.2026,49.97,0,1,39,768
26.09.2026,46.12,0,4,37,795
27.09.2026,60.11,0,4,46,1004
28.09.2026,77.52,1,3,176,2816
29.09.2026,142.40,9,1,475,11508
30.09.2026,132.45,7,6,517,10136
01.10.2026,146.92,4,2,1406,14426
02.10.2026,126.70,3,1,717,9187
