"Reporting starts","Reporting ends","Campaign name","Campaign delivery",Results,"Result indicator","Cost per results","Ad set budget","Ad set budget type","Amount spent (USD)",Impressions,Reach,Ends,"Attribution setting","CPC (all) (USD)","CTR (all)","Clicks (all)","Website registrations completed","Registrations completed","Results (initial)","Results (initial) indicator"
2026-09-30,2026-09-30,"QC 30/09 - complete registration",active,1,actions:offsite_conversion.fb_pixel_complete_registration,7.52,"Using ad set budget",0,7.52,889,779,Ongoing,"7-day click, 1-day view, or 1-day engaged-view",0.197895,4.274466,38,1,1,,
2026-09-30,2026-09-30,"QC 28/09",inactive,,,,"Using ad set budget",0,35.96,2899,2174,Ongoing,"7-day click, 1-day view, or 1-day engaged-view",0.499444,2.483615,72,4,4,,
2026-09-30,2026-09-30,"QC 17/09",active,1,conversions:offsite_conversion.fb_pixel_custom.DiscordJoin,27.04,"Using ad set budget",0,27.04,452,401,Ongoing,"7-day click",1.502222,3.982301,18,,,,
2026-09-30,2026-09-30,"JGGL - android - 07/08",inactive,,,,"Using ad set budget",0,0,0,0,Ongoing,"1-day click, 1-day view, or 1-day engaged-view",0,0,0,,,,
2026-09-29,2026-09-29,"QC 30/09 - complete registration",active,,,,"Using ad set budget",0,0,0,0,Ongoing,"7-day click, 1-day view, or 1-day engaged-view",0,0,0,,,,
2026-09-29,2026-09-29,"QC 28/09",inactive,,,,"Using ad set budget",0,84,10512,7097,Ongoing,"7-day click, 1-day view, or 1-day engaged-view",0.197183,4.052511,426,9,9,,
2026-09-29,2026-09-29,"QC 17/09",active,1,conversions:offsite_conversion.fb_pixel_custom.DiscordJoin,58.4,"Using ad set budget",0,58.4,996,826,Ongoing,"7-day click",1.191837,4.919679,49,,,,
2026-09-29,2026-09-29,"JGGL - android - 07/08",inactive,,,,"Using ad set budget",0,0,0,0,Ongoing,"1-day click, 1-day view, or 1-day engaged-view",0,0,0,,,,
2026-09-28,2026-09-28,"QC 30/09 - complete registration",active,,,,"Using ad set budget",0,0,0,0,Ongoing,"7-day click, 1-day view, or 1-day engaged-view",0,0,0,,,,
2026-09-28,2026-09-28,"QC 28/09",inactive,,,,"Using ad set budget",0,13.41,1724,1384,Ongoing,"7-day click, 1-day view, or 1-day engaged-view",0.100827,7.714617,133,,,,
2026-09-28,2026-09-28,"QC 17/09",active,3,conversions:offsite_conversion.fb_pixel_custom.DiscordJoin,21.37,"Using ad set budget",0,64.11,1092,895,Ongoing,"7-day click",1.49093,3.937729,43,1,1,,
2026-09-28,2026-09-28,"JGGL - android - 07/08",inactive,,,,"Using ad set budget",0,0,0,0,Ongoing,"1-day click, 1-day view, or 1-day engaged-view",0,0,0,,,,
2026-09-27,2026-09-27,"QC 30/09 - complete registration",active,,,,"Using ad set budget",0,0,0,0,Ongoing,"7-day click, 1-day view, or 1-day engaged-view",0,0,0,,,,
2026-09-27,2026-09-27,"QC 28/09",inactive,,,,"Using ad set budget",0,0,0,0,Ongoing,"7-day click, 1-day view, or 1-day engaged-view",0,0,0,,,,
2026-09-27,2026-09-27,"QC 17/09",active,4,conversions:offsite_conversion.fb_pixel_custom.DiscordJoin,15.0275,"Using ad set budget",0,60.11,1004,817,Ongoing,"7-day click",1.306739,4.581673,46,,,,
2026-09-27,2026-09-27,"JGGL - android - 07/08",inactive,,,,"Using ad set budget",0,0,0,0,Ongoing,"1-day click, 1-day view, or 1-day engaged-view",0,0,0,,,,
2026-09-26,2026-09-26,"QC 30/09 - complete registration",active,,,,"Using ad set budget",0,0,0,0,Ongoing,"7-day click, 1-day view, or 1-day engaged-view",0,0,0,,,,
2026-09-26,2026-09-26,"QC 28/09",inactive,,,,"Using ad set budget",0,0,0,0,Ongoing,"7-day click, 1-day view, or 1-day engaged-view",0,0,0,,,,
2026-09-26,2026-09-26,"QC 17/09",active,4,conversions:offsite_conversion.fb_pixel_custom.DiscordJoin,11.53,"Using ad set budget",0,46.12,795,683,Ongoing,"7-day click",1.246486,4.654088,37,,,,
2026-09-26,2026-09-26,"JGGL - android - 07/08",inactive,,,,"Using ad set budget",0,0,0,0,Ongoing,"1-day click, 1-day view, or 1-day engaged-view",0,0,0,,,,
2026-09-25,2026-09-25,"QC 30/09 - complete registration",active,,,,"Using ad set budget",0,0,0,0,Ongoing,"7-day click, 1-day view, or 1-day engaged-view",0,0,0,,,,
2026-09-25,2026-09-25,"QC 28/09",inactive,,,,"Using ad set budget",0,0,0,0,Ongoing,"7-day click, 1-day view, or 1-day engaged-view",0,0,0,,,,
2026-09-25,2026-09-25,"QC 17/09",active,1,conversions:offsite_conversion.fb_pixel_custom.DiscordJoin,49.97,"Using ad set budget",0,49.97,768,668,Ongoing,"7-day click",1.281282,5.078125,39,,,,
2026-09-25,2026-09-25,"JGGL - android - 07/08",inactive,,,,"Using ad set budget",0,0,0,0,Ongoing,"1-day click, 1-day view, or 1-day engaged-view",0,0,0,,,,
2026-09-24,2026-09-24,"QC 30/09 - complete registration",active,,,,"Using ad set budget",0,0,0,0,Ongoing,"7-day click, 1-day view, or 1-day engaged-view",0,0,0,,,,
2026-09-24,2026-09-24,"QC 28/09",inactive,,,,"Using ad set budget",0,0,0,0,Ongoing,"7-day click, 1-day view, or 1-day engaged-view",0,0,0,,,,
2026-09-24,2026-09-24,"QC 17/09",active,,,,"Using ad set budget",0,54.23,908,764,Ongoing,"7-day click",1.29119,4.625551,42,,,,
2026-09-24,2026-09-24,"JGGL - android - 07/08",inactive,,,,"Using ad set budget",0,0,0,0,Ongoing,"1-day click, 1-day view, or 1-day engaged-view",0,0,0,,,,
2026-09-23,2026-09-23,"QC 30/09 - complete registration",active,,,,"Using ad set budget",0,0,0,0,Ongoing,"7-day click, 1-day view, or 1-day engaged-view",0,0,0,,,,
2026-09-23,2026-09-23,"QC 28/09",inactive,,,,"Using ad set budget",0,0,0,0,Ongoing,"7-day click, 1-day view, or 1-day engaged-view",0,0,0,,,,
2026-09-23,2026-09-23,"QC 17/09",active,3,conversions:offsite_conversion.fb_pixel_custom.DiscordJoin,19.06333333,"Using ad set budget",0,57.19,1043,860,Ongoing,"7-day click",1.299773,4.2186,44,,,,
2026-09-23,2026-09-23,"JGGL - android - 07/08",inactive,,,,"Using ad set budget",0,0,0,0,Ongoing,"1-day click, 1-day view, or 1-day engaged-view",0,0,0,,,,
2026-09-22,2026-09-22,"QC 30/09 - complete registration",active,,,,"Using ad set budget",0,0,0,0,Ongoing,"7-day click, 1-day view, or 1-day engaged-view",0,0,0,,,,
2026-09-22,2026-09-22,"QC 28/09",inactive,,,,"Using ad set budget",0,0,0,0,Ongoing,"7-day click, 1-day view, or 1-day engaged-view",0,0,0,,,,
2026-09-22,2026-09-22,"QC 17/09",active,2,conversions:offsite_conversion.fb_pixel_custom.DiscordJoin,31.845,"Using ad set budget",0,63.69,928,767,Ongoing,"7-day click",1.769167,3.87931,36,,,,
2026-09-22,2026-09-22,"JGGL - android - 07/08",inactive,,,,"Using ad set budget",0,0,0,0,Ongoing,"1-day click, 1-day view, or 1-day engaged-view",0,0,0,,,,
2026-09-21,2026-09-21,"QC 30/09 - complete registration",active,,,,"Using ad set budget",0,0,0,0,Ongoing,"7-day click, 1-day view, or 1-day engaged-view",0,0,0,,,,
2026-09-21,2026-09-21,"QC 28/09",inactive,,,,"Using ad set budget",0,0,0,0,Ongoing,"7-day click, 1-day view, or 1-day engaged-view",0,0,0,,,,
2026-09-21,2026-09-21,"QC 17/09",active,5,conversions:offsite_conversion.fb_pixel_custom.DiscordJoin,7.852,"Using ad set budget",0,39.26,634,542,Ongoing,"7-day click",1.226875,5.047319,32,,,,
2026-09-21,2026-09-21,"JGGL - android - 07/08",inactive,,,,"Using ad set budget",0,0,0,0,Ongoing,"1-day click, 1-day view, or 1-day engaged-view",0,0,0,,,,
2026-09-20,2026-09-20,"QC 30/09 - complete registration",active,,,,"Using ad set budget",0,0,0,0,Ongoing,"7-day click, 1-day view, or 1-day engaged-view",0,0,0,,,,
2026-09-20,2026-09-20,"QC 28/09",inactive,,,,"Using ad set budget",0,0,0,0,Ongoing,"7-day click, 1-day view, or 1-day engaged-view",0,0,0,,,,
2026-09-20,2026-09-20,"QC 17/09",active,1,conversions:offsite_conversion.fb_pixel_custom.DiscordJoin,37.33,"Using ad set budget",0,37.33,715,569,Ongoing,"7-day click",0.982368,5.314685,38,,,,
2026-09-20,2026-09-20,"JGGL - android - 07/08",inactive,,,,"Using ad set budget",0,0,0,0,Ongoing,"1-day click, 1-day view, or 1-day engaged-view",0,0,0,,,,
2026-09-19,2026-09-19,"QC 30/09 - complete registration",active,,,,"Using ad set budget",0,0,0,0,Ongoing,"7-day click, 1-day view, or 1-day engaged-view",0,0,0,,,,
2026-09-19,2026-09-19,"QC 28/09",inactive,,,,"Using ad set budget",0,0,0,0,Ongoing,"7-day click, 1-day view, or 1-day engaged-view",0,0,0,,,,
2026-09-19,2026-09-19,"QC 17/09",active,,,,"Using ad set budget",0,31.75,579,478,Ongoing,"7-day click",1.175926,4.663212,27,,,,
2026-09-19,2026-09-19,"JGGL - android - 07/08",inactive,,,,"Using ad set budget",0,0,0,0,Ongoing,"1-day click, 1-day view, or 1-day engaged-view",0,0,0,,,,
2026-09-18,2026-09-18,"QC 30/09 - complete registration",active,,,,"Using ad set budget",0,0,0,0,Ongoing,"7-day click, 1-day view, or 1-day engaged-view",0,0,0,,,,
2026-09-18,2026-09-18,"QC 28/09",inactive,,,,"Using ad set budget",0,0,0,0,Ongoing,"7-day click, 1-day view, or 1-day engaged-view",0,0,0,,,,
2026-09-18,2026-09-18,"QC 17/09",active,1,conversions:offsite_conversion.fb_pixel_custom.DiscordJoin,62.47,"Using ad set budget",0,62.47,1091,873,Ongoing,"7-day click",1.487381,3.849679,42,,,,
2026-09-18,2026-09-18,"JGGL - android - 07/08",inactive,,,,"Using ad set budget",0,0,0,0,Ongoing,"1-day click, 1-day view, or 1-day engaged-view",0,0,0,,,,
2026-09-17,2026-09-17,"QC 30/09 - complete registration",active,,,,"Using ad set budget",0,0,0,0,Ongoing,"7-day click, 1-day view, or 1-day engaged-view",0,0,0,,,,
2026-09-17,2026-09-17,"QC 28/09",inactive,,,,"Using ad set budget",0,0,0,0,Ongoing,"7-day click, 1-day view, or 1-day engaged-view",0,0,0,,,,
2026-09-17,2026-09-17,"QC 17/09",active,1,conversions:offsite_conversion.fb_pixel_custom.DiscordJoin,29.1,"Using ad set budget",0,29.1,674,564,Ongoing,"7-day click",0.855882,5.04451,34,,,,
2026-09-17,2026-09-17,"JGGL - android - 07/08",inactive,,,,"Using ad set budget",0,0,0,0,Ongoing,"1-day click, 1-day view, or 1-day engaged-view",0,0,0,,,,
