"Reporting starts","Reporting ends","Ad set name","Ad set delivery","Attribution setting",Results,"Result indicator",Reach,Frequency,"Cost per results","Ad set budget","Ad set budget type","Amount spent (USD)",Ends,Starts,Impressions,"CPM (cost per 1,000 impressions) (USD)","Link clicks",shop_clicks,"CPC (cost per link click) (USD)","CTR (link click-through rate)","Clicks (all)","CTR (all)","CPC (all) (USD)","Landing page views","Cost per landing page view (USD)","Results (initial)","Results (initial) indicator"
2026-09-29,2026-09-29,H3,inactive,"7-day click, 1-day view or 1-day engaged view",,,0,0,,15,Daily,0,Ongoing,2026-09-23,0,0,,,,,0,0,0,,,,
2026-09-29,2026-09-29,H4,inactive,"7-day click, 1-day view or 1-day engaged view",,,0,0,,15,Daily,0,Ongoing,2026-09-23,0,0,,,,,0,0,0,,,,
2026-09-29,2026-09-29,completed,inactive,"7-day click, 1-day view or 1-day engaged view",,,0,0,,1,Daily,0,Ongoing,2026-09-18,0,0,,,,,0,0,0,,,,
2026-09-29,2026-09-29,start,inactive,"7-day click, 1-day view or 1-day engaged view",,,0,0,,1,Daily,0,Ongoing,2026-09-18,0,0,,,,,0,0,0,,,,
2026-09-29,2026-09-29,H2,inactive,"7-day click, 1-day view or 1-day engaged view",,,0,0,,15,Daily,0,Ongoing,2026-09-18,0,0,,,,,0,0,0,,,,
2026-09-29,2026-09-29,H1,inactive,"7-day click, 1-day view or 1-day engaged view",,,0,0,,15,Daily,0,Ongoing,2026-09-18,0,0,,,,,0,0,0,,,,
2026-09-28,2026-09-28,H3,inactive,"7-day click, 1-day view or 1-day engaged view",,,0,0,,15,Daily,0,Ongoing,2026-09-23,0,0,,,,,0,0,0,,,,
2026-09-28,2026-09-28,H4,inactive,"7-day click, 1-day view or 1-day engaged view",,,0,0,,15,Daily,0,Ongoing,2026-09-23,0,0,,,,,0,0,0,,,,
2026-09-28,2026-09-28,completed,inactive,"7-day click, 1-day view or 1-day engaged view",,,0,0,,1,Daily,0,Ongoing,2026-09-18,0,0,,,,,0,0,0,,,,
2026-09-28,2026-09-28,start,inactive,"7-day click, 1-day view or 1-day engaged view",,,0,0,,1,Daily,0,Ongoing,2026-09-18,0,0,,,,,0,0,0,,,,
2026-09-28,2026-09-28,H2,inactive,"7-day click, 1-day view or 1-day engaged view",,,0,0,,15,Daily,0,Ongoing,2026-09-18,0,0,,,,,0,0,0,,,,
2026-09-28,2026-09-28,H1,inactive,"7-day click, 1-day view or 1-day engaged view",,,0,0,,15,Daily,0,Ongoing,2026-09-18,0,0,,,,,0,0,0,,,,
2026-09-27,2026-09-27,H3,inactive,"7-day click, 1-day view or 1-day engaged view",,,0,0,,15,Daily,0,Ongoing,2026-09-23,0,0,,,,,0,0,0,,,,
2026-09-27,2026-09-27,H4,inactive,"7-day click, 1-day view or 1-day engaged view",,,0,0,,15,Daily,0,Ongoing,2026-09-23,0,0,,,,,0,0,0,,,,
2026-09-27,2026-09-27,completed,inactive,"7-day click, 1-day view or 1-day engaged view",,,0,0,,1,Daily,0,Ongoing,2026-09-18,0,0,,,,,0,0,0,,,,
2026-09-27,2026-09-27,start,inactive,"7-day click, 1-day view or 1-day engaged view",,,0,0,,1,Daily,0,Ongoing,2026-09-18,0,0,,,,,0,0,0,,,,
2026-09-27,2026-09-27,H2,inactive,"7-day click, 1-day view or 1-day engaged view",,,0,0,,15,Daily,0,Ongoing,2026-09-18,0,0,,,,,0,0,0,,,,
2026-09-27,2026-09-27,H1,inactive,"7-day click, 1-day view or 1-day engaged view",,,0,0,,15,Daily,0,Ongoing,2026-09-18,0,0,,,,,0,0,0,,,,
2026-09-26,2026-09-26,H3,inactive,"7-day click, 1-day view or 1-day engaged view",2,actions:offsite_conversion.fb_pixel_initiate_checkout,134,1.119403,3.745,15,Daily,7.49,Ongoing,2026-09-23,150,49.933333,12,,0.624167,8,15,10,0.499333,10,0.749,,
2026-09-26,2026-09-26,H4,inactive,"7-day click, 1-day view or 1-day engaged view",1,actions:offsite_conversion.fb_pixel_initiate_checkout,86,1.104651,6.85,15,Daily,6.85,Ongoing,2026-09-23,95,72.105263,4,,1.7125,4.210526,6,6.315789,1.141667,3,2.283333,,
2026-09-26,2026-09-26,completed,inactive,"7-day click, 1-day view or 1-day engaged view",,,0,0,,1,Daily,0,Ongoing,2026-09-18,0,0,,,,,0,0,0,,,,
2026-09-26,2026-09-26,start,inactive,"7-day click, 1-day view or 1-day engaged view",,,0,0,,1,Daily,0,Ongoing,2026-09-18,0,0,,,,,0,0,0,,,,
2026-09-26,2026-09-26,H2,inactive,"7-day click, 1-day view or 1-day engaged view",,,0,0,,15,Daily,0,Ongoing,2026-09-18,0,0,,,,,0,0,0,,,,
2026-09-26,2026-09-26,H1,inactive,"7-day click, 1-day view or 1-day engaged view",,,0,0,,15,Daily,0,Ongoing,2026-09-18,0,0,,,,,0,0,0,,,,
2026-09-25,2026-09-25,H3,inactive,"7-day click, 1-day view or 1-day engaged view",2,actions:offsite_conversion.fb_pixel_initiate_checkout,196,1.122449,6.34,15,Daily,12.68,Ongoing,2026-09-23,220,57.636364,17,,0.745882,7.727273,20,9.090909,0.634,15,0.845333,,
2026-09-25,2026-09-25,H4,inactive,"7-day click, 1-day view or 1-day engaged view",,,150,1.18,,15,Daily,12.38,Ongoing,2026-09-23,177,69.943503,13,,0.952308,7.344633,15,8.474576,0.825333,13,0.952308,,
2026-09-25,2026-09-25,completed,inactive,"7-day click, 1-day view or 1-day engaged view",,,0,0,,1,Daily,0,Ongoing,2026-09-18,0,0,,,,,0,0,0,,,,
2026-09-25,2026-09-25,start,inactive,"7-day click, 1-day view or 1-day engaged view",,,0,0,,1,Daily,0,Ongoing,2026-09-18,0,0,,,,,0,0,0,,,,
2026-09-25,2026-09-25,H2,inactive,"7-day click, 1-day view or 1-day engaged view",,,0,0,,15,Daily,0,Ongoing,2026-09-18,0,0,,,,,0,0,0,,,,
2026-09-25,2026-09-25,H1,inactive,"7-day click, 1-day view or 1-day engaged view",,,0,0,,15,Daily,0,Ongoing,2026-09-18,0,0,,,,,0,0,0,,,,
2026-09-24,2026-09-24,H3,inactive,"7-day click, 1-day view or 1-day engaged view",2,actions:offsite_conversion.fb_pixel_initiate_checkout,267,1.157303,9.605,15,Daily,19.21,Ongoing,2026-09-23,309,62.168285,26,,0.738846,8.414239,26,8.414239,0.738846,25,0.7684,,
2026-09-24,2026-09-24,H4,inactive,"7-day click, 1-day view or 1-day engaged view",,,190,1.126316,,15,Daily,19.82,Ongoing,2026-09-23,214,92.616822,11,,1.801818,5.140187,14,6.542056,1.415714,16,1.23875,,
2026-09-24,2026-09-24,completed,inactive,"7-day click, 1-day view or 1-day engaged view",,,0,0,,1,Daily,0,Ongoing,2026-09-18,0,0,,,,,0,0,0,,,,
2026-09-24,2026-09-24,start,inactive,"7-day click, 1-day view or 1-day engaged view",,,0,0,,1,Daily,0,Ongoing,2026-09-18,0,0,,,,,0,0,0,,,,
2026-09-24,2026-09-24,H2,inactive,"7-day click, 1-day view or 1-day engaged view",1,actions:offsite_conversion.fb_pixel_initiate_checkout,92,1.076087,14.85,15,Daily,14.85,Ongoing,2026-09-18,99,150,10,,1.485,10.10101,13,13.131313,1.142308,8,1.85625,,
2026-09-24,2026-09-24,H1,inactive,"7-day click, 1-day view or 1-day engaged view",,,111,1.108108,,15,Daily,16.45,Ongoing,2026-09-18,123,133.739837,9,,1.827778,7.317073,8,6.504065,2.05625,8,2.05625,,
2026-09-23,2026-09-23,H3,inactive,"7-day click, 1-day view or 1-day engaged view",,,145,1.186207,,15,Daily,10.99,Ongoing,2026-09-23,172,63.895349,7,,1.57,4.069767,11,6.395349,0.999091,8,1.37375,,
2026-09-23,2026-09-23,H4,inactive,"7-day click, 1-day view or 1-day engaged view",1,actions:offsite_conversion.fb_pixel_initiate_checkout,120,1.208333,15.7,15,Daily,15.7,Ongoing,2026-09-23,145,108.275862,7,,2.242857,4.827586,7,4.827586,2.242857,3,5.233333,,
2026-09-23,2026-09-23,completed,inactive,"7-day click, 1-day view or 1-day engaged view",,,0,0,,1,Daily,0,Ongoing,2026-09-18,0,0,,,,,0,0,0,,,,
2026-09-23,2026-09-23,start,inactive,"7-day click, 1-day view or 1-day engaged view",,,0,0,,1,Daily,0,Ongoing,2026-09-18,0,0,,,,,0,0,0,,,,
2026-09-23,2026-09-23,H2,inactive,"7-day click, 1-day view or 1-day engaged view",,,155,1.212903,,15,Daily,22.57,Ongoing,2026-09-18,188,120.053191,11,,2.051818,5.851064,14,7.446809,1.612143,10,2.257,,
2026-09-23,2026-09-23,H1,inactive,"7-day click, 1-day view or 1-day engaged view",,,143,1.132867,,15,Daily,23.24,Ongoing,2026-09-18,162,143.45679,20,,1.162,12.345679,21,12.962963,1.106667,17,1.367059,,
2026-09-22,2026-09-22,H3,inactive,"7-day click, 1-day view or 1-day engaged view",,,0,0,,15,Daily,0,Ongoing,2026-09-23,0,0,,,,,0,0,0,,,,
2026-09-22,2026-09-22,H4,inactive,"7-day click, 1-day view or 1-day engaged view",,,0,0,,15,Daily,0,Ongoing,2026-09-23,0,0,,,,,0,0,0,,,,
2026-09-22,2026-09-22,completed,inactive,"7-day click, 1-day view or 1-day engaged view",,,0,0,,1,Daily,0,Ongoing,2026-09-18,0,0,,,,,0,0,0,,,,
2026-09-22,2026-09-22,start,inactive,"7-day click, 1-day view or 1-day engaged view",,,0,0,,1,Daily,0,Ongoing,2026-09-18,0,0,,,,,0,0,0,,,,
2026-09-22,2026-09-22,H2,inactive,"7-day click, 1-day view or 1-day engaged view",,,0,0,,15,Daily,0,Ongoing,2026-09-18,0,0,,,,,0,0,0,,,,
2026-09-22,2026-09-22,H1,inactive,"7-day click, 1-day view or 1-day engaged view",,,0,0,,15,Daily,0,Ongoing,2026-09-18,0,0,,,,,0,0,0,,,,
2026-09-21,2026-09-21,H3,inactive,"7-day click, 1-day view or 1-day engaged view",,,0,0,,15,Daily,0,Ongoing,2026-09-23,0,0,,,,,0,0,0,,,,
2026-09-21,2026-09-21,H4,inactive,"7-day click, 1-day view or 1-day engaged view",,,0,0,,15,Daily,0,Ongoing,2026-09-23,0,0,,,,,0,0,0,,,,
2026-09-21,2026-09-21,completed,inactive,"7-day click, 1-day view or 1-day engaged view",,,0,0,,1,Daily,0,Ongoing,2026-09-18,0,0,,,,,0,0,0,,,,
2026-09-21,2026-09-21,start,inactive,"7-day click, 1-day view or 1-day engaged view",,,0,0,,1,Daily,0,Ongoing,2026-09-18,0,0,,,,,0,0,0,,,,
2026-09-21,2026-09-21,H2,inactive,"7-day click, 1-day view or 1-day engaged view",,,58,1.172414,,15,Daily,7.37,Ongoing,2026-09-18,68,108.382353,6,,1.228333,8.823529,8,11.764706,0.92125,5,1.474,,
2026-09-21,2026-09-21,H1,inactive,"7-day click, 1-day view or 1-day engaged view",,,29,1.034483,,15,Daily,3.67,Ongoing,2026-09-18,30,122.333333,9,,0.407778,30,11,36.666667,0.333636,6,0.611667,,
2026-09-20,2026-09-20,H3,inactive,"7-day click, 1-day view or 1-day engaged view",,,0,0,,15,Daily,0,Ongoing,2026-09-23,0,0,,,,,0,0,0,,,,
2026-09-20,2026-09-20,H4,inactive,"7-day click, 1-day view or 1-day engaged view",,,0,0,,15,Daily,0,Ongoing,2026-09-23,0,0,,,,,0,0,0,,,,
2026-09-20,2026-09-20,completed,inactive,"7-day click, 1-day view or 1-day engaged view",,,0,0,,1,Daily,0,Ongoing,2026-09-18,0,0,,,,,0,0,0,,,,
2026-09-20,2026-09-20,start,inactive,"7-day click, 1-day view or 1-day engaged view",,,0,0,,1,Daily,0,Ongoing,2026-09-18,0,0,,,,,0,0,0,,,,
2026-09-20,2026-09-20,H2,inactive,"7-day click, 1-day view or 1-day engaged view",,,149,1.255034,,15,Daily,19.98,Ongoing,2026-09-18,187,106.84492,21,,0.951429,11.229947,27,14.438503,0.74,16,1.24875,,
2026-09-20,2026-09-20,H1,inactive,"7-day click, 1-day view or 1-day engaged view",2,actions:offsite_conversion.fb_pixel_initiate_checkout,93,1.376344,10.595,15,Daily,21.19,Ongoing,2026-09-18,128,165.546875,25,,0.8476,19.53125,23,17.96875,0.921304,15,1.412667,,
2026-09-19,2026-09-19,H3,inactive,"7-day click, 1-day view or 1-day engaged view",,,0,0,,15,Daily,0,Ongoing,2026-09-23,0,0,,,,,0,0,0,,,,
2026-09-19,2026-09-19,H4,inactive,"7-day click, 1-day view or 1-day engaged view",,,0,0,,15,Daily,0,Ongoing,2026-09-23,0,0,,,,,0,0,0,,,,
2026-09-19,2026-09-19,completed,inactive,"7-day click, 1-day view or 1-day engaged view",,,0,0,,1,Daily,0,Ongoing,2026-09-18,0,0,,,,,0,0,0,,,,
2026-09-19,2026-09-19,start,inactive,"7-day click, 1-day view or 1-day engaged view",,,0,0,,1,Daily,0,Ongoing,2026-09-18,0,0,,,,,0,0,0,,,,
2026-09-19,2026-09-19,H2,inactive,"7-day click, 1-day view or 1-day engaged view",1,actions:offsite_conversion.fb_pixel_initiate_checkout,152,1.190789,13.85,15,Daily,13.85,Ongoing,2026-09-18,181,76.519337,23,,0.602174,12.707182,25,13.812155,0.554,11,1.259091,,
2026-09-19,2026-09-19,H1,inactive,"7-day click, 1-day view or 1-day engaged view",,,84,1.297619,,15,Daily,16.65,Ongoing,2026-09-18,109,152.752294,23,,0.723913,21.100917,23,21.100917,0.723913,15,1.11,,
2026-09-18,2026-09-18,H3,inactive,"7-day click, 1-day view or 1-day engaged view",,,0,0,,15,Daily,0,Ongoing,2026-09-23,0,0,,,,,0,0,0,,,,
2026-09-18,2026-09-18,H4,inactive,"7-day click, 1-day view or 1-day engaged view",,,0,0,,15,Daily,0,Ongoing,2026-09-23,0,0,,,,,0,0,0,,,,
2026-09-18,2026-09-18,completed,inactive,"7-day click, 1-day view or 1-day engaged view",,,0,0,,1,Daily,0,Ongoing,2026-09-18,0,0,,,,,0,0,0,,,,
2026-09-18,2026-09-18,start,inactive,"7-day click, 1-day view or 1-day engaged view",,,0,0,,1,Daily,0,Ongoing,2026-09-18,0,0,,,,,0,0,0,,,,
2026-09-18,2026-09-18,H2,inactive,"7-day click, 1-day view or 1-day engaged view",,,64,1.09375,,15,Daily,8.28,Ongoing,2026-09-18,70,118.285714,14,,0.591429,20,17,24.285714,0.487059,8,1.035,,
2026-09-18,2026-09-18,H1,inactive,"7-day click, 1-day view or 1-day engaged view",,,39,1,,15,Daily,7.97,Ongoing,2026-09-18,39,204.358974,7,,1.138571,17.948718,6,15.384615,1.328333,4,1.9925,,
2026-09-17,2026-09-17,H3,inactive,"7-day click, 1-day view or 1-day engaged view",,,0,0,,15,Daily,0,Ongoing,2026-09-23,0,0,,,,,0,0,0,,,,
2026-09-17,2026-09-17,H4,inactive,"7-day click, 1-day view or 1-day engaged view",,,0,0,,15,Daily,0,Ongoing,2026-09-23,0,0,,,,,0,0,0,,,,
2026-09-17,2026-09-17,completed,inactive,"7-day click, 1-day view or 1-day engaged view",,,0,0,,1,Daily,0,Ongoing,2026-09-18,0,0,,,,,0,0,0,,,,
2026-09-17,2026-09-17,start,inactive,"7-day click, 1-day view or 1-day engaged view",,,0,0,,1,Daily,0,Ongoing,2026-09-18,0,0,,,,,0,0,0,,,,
2026-09-17,2026-09-17,H2,inactive,"7-day click, 1-day view or 1-day engaged view",,,0,0,,15,Daily,0,Ongoing,2026-09-18,0,0,,,,,0,0,0,,,,
2026-09-17,2026-09-17,H1,inactive,"7-day click, 1-day view or 1-day engaged view",,,0,0,,15,Daily,0,Ongoing,2026-09-18,0,0,,,,,0,0,0,,,,
2026-09-16,2026-09-16,H3,inactive,"7-day click, 1-day view or 1-day engaged view",,,0,0,,15,Daily,0,Ongoing,2026-09-23,0,0,,,,,0,0,0,,,,
2026-09-16,2026-09-16,H4,inactive,"7-day click, 1-day view or 1-day engaged view",,,0,0,,15,Daily,0,Ongoing,2026-09-23,0,0,,,,,0,0,0,,,,
2026-09-16,2026-09-16,completed,inactive,"7-day click, 1-day view or 1-day engaged view",,,0,0,,1,Daily,0,Ongoing,2026-09-18,0,0,,,,,0,0,0,,,,
2026-09-16,2026-09-16,start,inactive,"7-day click, 1-day view or 1-day engaged view",,,0,0,,1,Daily,0,Ongoing,2026-09-18,0,0,,,,,0,0,0,,,,
2026-09-16,2026-09-16,H2,inactive,"7-day click, 1-day view or 1-day engaged view",,,0,0,,15,Daily,0,Ongoing,2026-09-18,0,0,,,,,0,0,0,,,,
2026-09-16,2026-09-16,H1,inactive,"7-day click, 1-day view or 1-day engaged view",,,0,0,,15,Daily,0,Ongoing,2026-09-18,0,0,,,,,0,0,0,,,,
2026-09-15,2026-09-15,H3,inactive,"7-day click, 1-day view or 1-day engaged view",,,0,0,,15,Daily,0,Ongoing,2026-09-23,0,0,,,,,0,0,0,,,,
2026-09-15,2026-09-15,H4,inactive,"7-day click, 1-day view or 1-day engaged view",,,0,0,,15,Daily,0,Ongoing,2026-09-23,0,0,,,,,0,0,0,,,,
2026-09-15,2026-09-15,completed,inactive,"7-day click, 1-day view or 1-day engaged view",,,0,0,,1,Daily,0,Ongoing,2026-09-18,0,0,,,,,0,0,0,,,,
2026-09-15,2026-09-15,start,inactive,"7-day click, 1-day view or 1-day engaged view",,,0,0,,1,Daily,0,Ongoing,2026-09-18,0,0,,,,,0,0,0,,,,
2026-09-15,2026-09-15,H2,inactive,"7-day click, 1-day view or 1-day engaged view",,,0,0,,15,Daily,0,Ongoing,2026-09-18,0,0,,,,,0,0,0,,,,
2026-09-15,2026-09-15,H1,inactive,"7-day click, 1-day view or 1-day engaged view",,,0,0,,15,Daily,0,Ongoing,2026-09-18,0,0,,,,,0,0,0,,,,
2026-09-14,2026-09-14,H3,inactive,"7-day click, 1-day view or 1-day engaged view",,,0,0,,15,Daily,0,Ongoing,2026-09-23,0,0,,,,,0,0,0,,,,
2026-09-14,2026-09-14,H4,inactive,"7-day click, 1-day view or 1-day engaged view",,,0,0,,15,Daily,0,Ongoing,2026-09-23,0,0,,,,,0,0,0,,,,
2026-09-14,2026-09-14,completed,inactive,"7-day click, 1-day view or 1-day engaged view",,,0,0,,1,Daily,0,Ongoing,2026-09-18,0,0,,,,,0,0,0,,,,
2026-09-14,2026-09-14,start,inactive,"7-day click, 1-day view or 1-day engaged view",,,0,0,,1,Daily,0,Ongoing,2026-09-18,0,0,,,,,0,0,0,,,,
2026-09-14,2026-09-14,H2,inactive,"7-day click, 1-day view or 1-day engaged view",,,0,0,,15,Daily,0,Ongoing,2026-09-18,0,0,,,,,0,0,0,,,,
2026-09-14,2026-09-14,H1,inactive,"7-day click, 1-day view or 1-day engaged view",,,0,0,,15,Daily,0,Ongoing,2026-09-18,0,0,,,,,0,0,0,,,,
2026-09-13,2026-09-13,H3,inactive,"7-day click, 1-day view or 1-day engaged view",,,0,0,,15,Daily,0,Ongoing,2026-09-23,0,0,,,,,0,0,0,,,,
2026-09-13,2026-09-13,H4,inactive,"7-day click, 1-day view or 1-day engaged view",,,0,0,,15,Daily,0,Ongoing,2026-09-23,0,0,,,,,0,0,0,,,,
2026-09-13,2026-09-13,completed,inactive,"7-day click, 1-day view or 1-day engaged view",,,0,0,,1,Daily,0,Ongoing,2026-09-18,0,0,,,,,0,0,0,,,,
2026-09-13,2026-09-13,start,inactive,"7-day click, 1-day view or 1-day engaged view",,,0,0,,1,Daily,0,Ongoing,2026-09-18,0,0,,,,,0,0,0,,,,
2026-09-13,2026-09-13,H2,inactive,"7-day click, 1-day view or 1-day engaged view",,,0,0,,15,Daily,0,Ongoing,2026-09-18,0,0,,,,,0,0,0,,,,
2026-09-13,2026-09-13,H1,inactive,"7-day click, 1-day view or 1-day engaged view",,,0,0,,15,Daily,0,Ongoing,2026-09-18,0,0,,,,,0,0,0,,,,
2026-09-12,2026-09-12,H3,inactive,"7-day click, 1-day view or 1-day engaged view",,,0,0,,15,Daily,0,Ongoing,2026-09-23,0,0,,,,,0,0,0,,,,
2026-09-12,2026-09-12,H4,inactive,"7-day click, 1-day view or 1-day engaged view",,,0,0,,15,Daily,0,Ongoing,2026-09-23,0,0,,,,,0,0,0,,,,
2026-09-12,2026-09-12,completed,inactive,"7-day click, 1-day view or 1-day engaged view",,,0,0,,1,Daily,0,Ongoing,2026-09-18,0,0,,,,,0,0,0,,,,
2026-09-12,2026-09-12,start,inactive,"7-day click, 1-day view or 1-day engaged view",,,0,0,,1,Daily,0,Ongoing,2026-09-18,0,0,,,,,0,0,0,,,,
2026-09-12,2026-09-12,H2,inactive,"7-day click, 1-day view or 1-day engaged view",,,0,0,,15,Daily,0,Ongoing,2026-09-18,0,0,,,,,0,0,0,,,,
2026-09-12,2026-09-12,H1,inactive,"7-day click, 1-day view or 1-day engaged view",,,0,0,,15,Daily,0,Ongoing,2026-09-18,0,0,,,,,0,0,0,,,,
2026-09-11,2026-09-11,H3,inactive,"7-day click, 1-day view or 1-day engaged view",,,0,0,,15,Daily,0,Ongoing,2026-09-23,0,0,,,,,0,0,0,,,,
2026-09-11,2026-09-11,H4,inactive,"7-day click, 1-day view or 1-day engaged view",,,0,0,,15,Daily,0,Ongoing,2026-09-23,0,0,,,,,0,0,0,,,,
2026-09-11,2026-09-11,completed,inactive,"7-day click, 1-day view or 1-day engaged view",,,0,0,,1,Daily,0,Ongoing,2026-09-18,0,0,,,,,0,0,0,,,,
2026-09-11,2026-09-11,start,inactive,"7-day click, 1-day view or 1-day engaged view",,,0,0,,1,Daily,0,Ongoing,2026-09-18,0,0,,,,,0,0,0,,,,
2026-09-11,2026-09-11,H2,inactive,"7-day click, 1-day view or 1-day engaged view",,,0,0,,15,Daily,0,Ongoing,2026-09-18,0,0,,,,,0,0,0,,,,
2026-09-11,2026-09-11,H1,inactive,"7-day click, 1-day view or 1-day engaged view",,,0,0,,15,Daily,0,Ongoing,2026-09-18,0,0,,,,,0,0,0,,,,
2026-09-10,2026-09-10,H3,inactive,"7-day click, 1-day view or 1-day engaged view",,,0,0,,15,Daily,0,Ongoing,2026-09-23,0,0,,,,,0,0,0,,,,
2026-09-10,2026-09-10,H4,inactive,"7-day click, 1-day view or 1-day engaged view",,,0,0,,15,Daily,0,Ongoing,2026-09-23,0,0,,,,,0,0,0,,,,
2026-09-10,2026-09-10,completed,inactive,"7-day click, 1-day view or 1-day engaged view",,,0,0,,1,Daily,0,Ongoing,2026-09-18,0,0,,,,,0,0,0,,,,
2026-09-10,2026-09-10,start,inactive,"7-day click, 1-day view or 1-day engaged view",,,0,0,,1,Daily,0,Ongoing,2026-09-18,0,0,,,,,0,0,0,,,,
2026-09-10,2026-09-10,H2,inactive,"7-day click, 1-day view or 1-day engaged view",,,0,0,,15,Daily,0,Ongoing,2026-09-18,0,0,,,,,0,0,0,,,,
2026-09-10,2026-09-10,H1,inactive,"7-day click, 1-day view or 1-day engaged view",,,0,0,,15,Daily,0,Ongoing,2026-09-18,0,0,,,,,0,0,0,,,,
2026-09-09,2026-09-09,H3,inactive,"7-day click, 1-day view or 1-day engaged view",,,0,0,,15,Daily,0,Ongoing,2026-09-23,0,0,,,,,0,0,0,,,,
2026-09-09,2026-09-09,H4,inactive,"7-day click, 1-day view or 1-day engaged view",,,0,0,,15,Daily,0,Ongoing,2026-09-23,0,0,,,,,0,0,0,,,,
2026-09-09,2026-09-09,completed,inactive,"7-day click, 1-day view or 1-day engaged view",,,0,0,,1,Daily,0,Ongoing,2026-09-18,0,0,,,,,0,0,0,,,,
2026-09-09,2026-09-09,start,inactive,"7-day click, 1-day view or 1-day engaged view",,,0,0,,1,Daily,0,Ongoing,2026-09-18,0,0,,,,,0,0,0,,,,
2026-09-09,2026-09-09,H2,inactive,"7-day click, 1-day view or 1-day engaged view",,,0,0,,15,Daily,0,Ongoing,2026-09-18,0,0,,,,,0,0,0,,,,
2026-09-09,2026-09-09,H1,inactive,"7-day click, 1-day view or 1-day engaged view",,,0,0,,15,Daily,0,Ongoing,2026-09-18,0,0,,,,,0,0,0,,,,
2026-09-08,2026-09-08,H3,inactive,"7-day click, 1-day view or 1-day engaged view",,,0,0,,15,Daily,0,Ongoing,2026-09-23,0,0,,,,,0,0,0,,,,
2026-09-08,2026-09-08,H4,inactive,"7-day click, 1-day view or 1-day engaged view",,,0,0,,15,Daily,0,Ongoing,2026-09-23,0,0,,,,,0,0,0,,,,
2026-09-08,2026-09-08,completed,inactive,"7-day click, 1-day view or 1-day engaged view",,,0,0,,1,Daily,0,Ongoing,2026-09-18,0,0,,,,,0,0,0,,,,
2026-09-08,2026-09-08,start,inactive,"7-day click, 1-day view or 1-day engaged view",,,0,0,,1,Daily,0,Ongoing,2026-09-18,0,0,,,,,0,0,0,,,,
2026-09-08,2026-09-08,H2,inactive,"7-day click, 1-day view or 1-day engaged view",,,0,0,,15,Daily,0,Ongoing,2026-09-18,0,0,,,,,0,0,0,,,,
2026-09-08,2026-09-08,H1,inactive,"7-day click, 1-day view or 1-day engaged view",,,0,0,,15,Daily,0,Ongoing,2026-09-18,0,0,,,,,0,0,0,,,,
2026-09-07,2026-09-07,H3,inactive,"7-day click, 1-day view or 1-day engaged view",,,0,0,,15,Daily,0,Ongoing,2026-09-23,0,0,,,,,0,0,0,,,,
2026-09-07,2026-09-07,H4,inactive,"7-day click, 1-day view or 1-day engaged view",,,0,0,,15,Daily,0,Ongoing,2026-09-23,0,0,,,,,0,0,0,,,,
2026-09-07,2026-09-07,completed,inactive,"7-day click, 1-day view or 1-day engaged view",,,0,0,,1,Daily,0,Ongoing,2026-09-18,0,0,,,,,0,0,0,,,,
2026-09-07,2026-09-07,start,inactive,"7-day click, 1-day view or 1-day engaged view",,,0,0,,1,Daily,0,Ongoing,2026-09-18,0,0,,,,,0,0,0,,,,
2026-09-07,2026-09-07,H2,inactive,"7-day click, 1-day view or 1-day engaged view",,,0,0,,15,Daily,0,Ongoing,2026-09-18,0,0,,,,,0,0,0,,,,
2026-09-07,2026-09-07,H1,inactive,"7-day click, 1-day view or 1-day engaged view",,,0,0,,15,Daily,0,Ongoing,2026-09-18,0,0,,,,,0,0,0,,,,
2026-09-06,2026-09-06,H3,inactive,"7-day click, 1-day view or 1-day engaged view",,,0,0,,15,Daily,0,Ongoing,2026-09-23,0,0,,,,,0,0,0,,,,
2026-09-06,2026-09-06,H4,inactive,"7-day click, 1-day view or 1-day engaged view",,,0,0,,15,Daily,0,Ongoing,2026-09-23,0,0,,,,,0,0,0,,,,
2026-09-06,2026-09-06,completed,inactive,"7-day click, 1-day view or 1-day engaged view",,,0,0,,1,Daily,0,Ongoing,2026-09-18,0,0,,,,,0,0,0,,,,
2026-09-06,2026-09-06,start,inactive,"7-day click, 1-day view or 1-day engaged view",,,0,0,,1,Daily,0,Ongoing,2026-09-18,0,0,,,,,0,0,0,,,,
2026-09-06,2026-09-06,H2,inactive,"7-day click, 1-day view or 1-day engaged view",,,0,0,,15,Daily,0,Ongoing,2026-09-18,0,0,,,,,0,0,0,,,,
2026-09-06,2026-09-06,H1,inactive,"7-day click, 1-day view or 1-day engaged view",,,0,0,,15,Daily,0,Ongoing,2026-09-18,0,0,,,,,0,0,0,,,,
2026-09-05,2026-09-05,H3,inactive,"7-day click, 1-day view or 1-day engaged view",,,0,0,,15,Daily,0,Ongoing,2026-09-23,0,0,,,,,0,0,0,,,,
2026-09-05,2026-09-05,H4,inactive,"7-day click, 1-day view or 1-day engaged view",,,0,0,,15,Daily,0,Ongoing,2026-09-23,0,0,,,,,0,0,0,,,,
2026-09-05,2026-09-05,completed,inactive,"7-day click, 1-day view or 1-day engaged view",,,0,0,,1,Daily,0,Ongoing,2026-09-18,0,0,,,,,0,0,0,,,,
2026-09-05,2026-09-05,start,inactive,"7-day click, 1-day view or 1-day engaged view",,,0,0,,1,Daily,0,Ongoing,2026-09-18,0,0,,,,,0,0,0,,,,
2026-09-05,2026-09-05,H2,inactive,"7-day click, 1-day view or 1-day engaged view",,,0,0,,15,Daily,0,Ongoing,2026-09-18,0,0,,,,,0,0,0,,,,
2026-09-05,2026-09-05,H1,inactive,"7-day click, 1-day view or 1-day engaged view",,,0,0,,15,Daily,0,Ongoing,2026-09-18,0,0,,,,,0,0,0,,,,
2026-09-04,2026-09-04,H3,inactive,"7-day click, 1-day view or 1-day engaged view",,,0,0,,15,Daily,0,Ongoing,2026-09-23,0,0,,,,,0,0,0,,,,
2026-09-04,2026-09-04,H4,inactive,"7-day click, 1-day view or 1-day engaged view",,,0,0,,15,Daily,0,Ongoing,2026-09-23,0,0,,,,,0,0,0,,,,
2026-09-04,2026-09-04,completed,inactive,"7-day click, 1-day view or 1-day engaged view",,,0,0,,1,Daily,0,Ongoing,2026-09-18,0,0,,,,,0,0,0,,,,
2026-09-04,2026-09-04,start,inactive,"7-day click, 1-day view or 1-day engaged view",,,0,0,,1,Daily,0,Ongoing,2026-09-18,0,0,,,,,0,0,0,,,,
2026-09-04,2026-09-04,H2,inactive,"7-day click, 1-day view or 1-day engaged view",,,0,0,,15,Daily,0,Ongoing,2026-09-18,0,0,,,,,0,0,0,,,,
2026-09-04,2026-09-04,H1,inactive,"7-day click, 1-day view or 1-day engaged view",,,0,0,,15,Daily,0,Ongoing,2026-09-18,0,0,,,,,0,0,0,,,,
2026-09-03,2026-09-03,H3,inactive,"7-day click, 1-day view or 1-day engaged view",,,0,0,,15,Daily,0,Ongoing,2026-09-23,0,0,,,,,0,0,0,,,,
2026-09-03,2026-09-03,H4,inactive,"7-day click, 1-day view or 1-day engaged view",,,0,0,,15,Daily,0,Ongoing,2026-09-23,0,0,,,,,0,0,0,,,,
2026-09-03,2026-09-03,completed,inactive,"7-day click, 1-day view or 1-day engaged view",,,0,0,,1,Daily,0,Ongoing,2026-09-18,0,0,,,,,0,0,0,,,,
2026-09-03,2026-09-03,start,inactive,"7-day click, 1-day view or 1-day engaged view",,,0,0,,1,Daily,0,Ongoing,2026-09-18,0,0,,,,,0,0,0,,,,
2026-09-03,2026-09-03,H2,inactive,"7-day click, 1-day view or 1-day engaged view",,,0,0,,15,Daily,0,Ongoing,2026-09-18,0,0,,,,,0,0,0,,,,
2026-09-03,2026-09-03,H1,inactive,"7-day click, 1-day view or 1-day engaged view",,,0,0,,15,Daily,0,Ongoing,2026-09-18,0,0,,,,,0,0,0,,,,
2026-09-02,2026-09-02,H3,inactive,"7-day click, 1-day view or 1-day engaged view",,,0,0,,15,Daily,0,Ongoing,2026-09-23,0,0,,,,,0,0,0,,,,
2026-09-02,2026-09-02,H4,inactive,"7-day click, 1-day view or 1-day engaged view",,,0,0,,15,Daily,0,Ongoing,2026-09-23,0,0,,,,,0,0,0,,,,
2026-09-02,2026-09-02,completed,inactive,"7-day click, 1-day view or 1-day engaged view",,,0,0,,1,Daily,0,Ongoing,2026-09-18,0,0,,,,,0,0,0,,,,
2026-09-02,2026-09-02,start,inactive,"7-day click, 1-day view or 1-day engaged view",,,0,0,,1,Daily,0,Ongoing,2026-09-18,0,0,,,,,0,0,0,,,,
2026-09-02,2026-09-02,H2,inactive,"7-day click, 1-day view or 1-day engaged view",,,0,0,,15,Daily,0,Ongoing,2026-09-18,0,0,,,,,0,0,0,,,,
2026-09-02,2026-09-02,H1,inactive,"7-day click, 1-day view or 1-day engaged view",,,0,0,,15,Daily,0,Ongoing,2026-09-18,0,0,,,,,0,0,0,,,,
2026-09-01,2026-09-01,H3,inactive,"7-day click, 1-day view or 1-day engaged view",,,0,0,,15,Daily,0,Ongoing,2026-09-23,0,0,,,,,0,0,0,,,,
2026-09-01,2026-09-01,H4,inactive,"7-day click, 1-day view or 1-day engaged view",,,0,0,,15,Daily,0,Ongoing,2026-09-23,0,0,,,,,0,0,0,,,,
2026-09-01,2026-09-01,completed,inactive,"7-day click, 1-day view or 1-day engaged view",,,0,0,,1,Daily,0,Ongoing,2026-09-18,0,0,,,,,0,0,0,,,,
2026-09-01,2026-09-01,start,inactive,"7-day click, 1-day view or 1-day engaged view",,,0,0,,1,Daily,0,Ongoing,2026-09-18,0,0,,,,,0,0,0,,,,
2026-09-01,2026-09-01,H2,inactive,"7-day click, 1-day view or 1-day engaged view",,,0,0,,15,Daily,0,Ongoing,2026-09-18,0,0,,,,,0,0,0,,,,
2026-09-01,2026-09-01,H1,inactive,"7-day click, 1-day view or 1-day engaged view",,,0,0,,15,Daily,0,Ongoing,2026-09-18,0,0,,,,,0,0,0,,,,
2026-08-31,2026-08-31,H3,inactive,"7-day click, 1-day view or 1-day engaged view",,,0,0,,15,Daily,0,Ongoing,2026-09-23,0,0,,,,,0,0,0,,,,
2026-08-31,2026-08-31,H4,inactive,"7-day click, 1-day view or 1-day engaged view",,,0,0,,15,Daily,0,Ongoing,2026-09-23,0,0,,,,,0,0,0,,,,
2026-08-31,2026-08-31,completed,inactive,"7-day click, 1-day view or 1-day engaged view",,,0,0,,1,Daily,0,Ongoing,2026-09-18,0,0,,,,,0,0,0,,,,
2026-08-31,2026-08-31,start,inactive,"7-day click, 1-day view or 1-day engaged view",,,0,0,,1,Daily,0,Ongoing,2026-09-18,0,0,,,,,0,0,0,,,,
2026-08-31,2026-08-31,H2,inactive,"7-day click, 1-day view or 1-day engaged view",,,0,0,,15,Daily,0,Ongoing,2026-09-18,0,0,,,,,0,0,0,,,,
2026-08-31,2026-08-31,H1,inactive,"7-day click, 1-day view or 1-day engaged view",,,0,0,,15,Daily,0,Ongoing,2026-09-18,0,0,,,,,0,0,0,,,,
