date,spend,trials,sold,fb,contact_info,form_submit,contact_sent,clicks
18.09.2026,728.32,2,1,0,0,0,0,110
19.09.2026,1222.78,6,1,0,4,0,4,214
20.09.2026,1398.90,3,1,1,3,0,3,220
21.09.2026,1550.57,7,2,1,5,0,5,196
22.09.2026,2140.83,3,1,1,2,1,2,215
23.09.2026,2579.16,5,0,0,4,1,4,238
24.09.2026,2576.78,5,2,0,4,0,4,225
25.09.2026,2848.88,3,1,1,1,0,1,270
26.09.2026,3004.61,1,0,1,0,0,0,285
27.09.2026,3435.73,3,0,1,2,0,2,341
28.09.2026,2475.19,1,0,0,0,0,0,243
29.09.2026,3268.19,5,2,2,5,0,5,312
30.09.2026,3483.20,5,1,0,3,2,3,327
